{
    "Random Forest": {
        "accuracy": 1.0,
        "cv_mean": 1.0,
        "cv_std": 0.0,
        "confusion_matrix": [
            [
                2,
                0
            ],
            [
                0,
                1
            ]
        ],
        "predictions": [
            0,
            0,
            1
        ],
        "probabilities": [
            0.09,
            0.0,
            0.6
        ],
        "true_values": [
            0,
            0,
            1
        ],
        "roc_curve": {
            "fpr": [
                0.0,
                0.0,
                1.0
            ],
            "tpr": [
                0.0,
                1.0,
                1.0
            ],
            "auc": 1.0
        },
        "learning_curve": {
            "train_sizes": [
                1,
                2,
                3,
                4,
                5,
                6,
                7,
                8,
                9
            ],
            "train_scores_mean": [
                1.0,
                1.0,
                1.0,
                1.0,
                1.0,
                1.0,
                1.0,
                1.0,
                1.0
            ],
            "train_scores_std": [
                0.0,
                0.0,
                0.0,
                0.0,
                0.0,
                0.0,
                0.0,
                0.0,
                0.0
            ],
            "test_scores_mean": [
                0.4333333333333333,
                0.5666666666666667,
                0.9,
                1.0,
                1.0,
                1.0,
                1.0,
                1.0,
                1.0
            ],
            "test_scores_std": [
                0.08164965809277261,
                0.2260776661041756,
                0.2,
                0.0,
                0.0,
                0.0,
                0.0,
                0.0,
                0.0
            ]
        },
        "feature_importance": [
            0.22,
            0.19,
            0.15,
            0.23,
            0.21
        ]
    },
    "Logistic Regression": {
        "accuracy": 0.6666666666666666,
        "cv_mean": 1.0,
        "cv_std": 0.0,
        "confusion_matrix": [
            [
                2,
                0
            ],
            [
                1,
                0
            ]
        ],
        "predictions": [
            0,
            0,
            0
        ],
        "probabilities": [
            0.2951419441448273,
            0.0051574363569231755,
            0.4620428646449757
        ],
        "true_values": [
            0,
            0,
            1
        ],
        "roc_curve": {
            "fpr": [
                0.0,
                0.0,
                1.0
            ],
            "tpr": [
                0.0,
                1.0,
                1.0
            ],
            "auc": 1.0
        },
        "learning_curve": {
            "train_sizes": [
                1,
                2,
                3,
                4,
                5,
                6,
                7,
                8,
                9
            ],
            "train_scores_mean": [
                null,
                null,
                1.0,
                1.0,
                1.0,
                1.0,
                1.0,
                1.0,
                1.0
            ],
            "train_scores_std": [
                null,
                null,
                0.0,
                0.0,
                0.0,
                0.0,
                0.0,
                0.0,
                0.0
            ],
            "test_scores_mean": [
                null,
                null,
                0.8,
                1.0,
                1.0,
                1.0,
                1.0,
                1.0,
                1.0
            ],
            "test_scores_std": [
                null,
                null,
                0.2449489742783178,
                0.0,
                0.0,
                0.0,
                0.0,
                0.0,
                0.0
            ]
        },
        "feature_importance": [
            0.7170867110309328,
            0.5479985988030119,
            0.6059386038908795,
            0.648927508903743,
            0.6105442850148586
        ]
    },
    "SVM": {
        "accuracy": 0.6666666666666666,
        "cv_mean": 1.0,
        "cv_std": 0.0,
        "confusion_matrix": [
            [
                2,
                0
            ],
            [
                1,
                0
            ]
        ],
        "predictions": [
            0,
            0,
            0
        ],
        "probabilities": [
            0.21952887376169158,
            0.20920759326055494,
            0.4579408406595387
        ],
        "true_values": [
            0,
            0,
            1
        ],
        "roc_curve": {
            "fpr": [
                0.0,
                0.0,
                1.0
            ],
            "tpr": [
                0.0,
                1.0,
                1.0
            ],
            "auc": 1.0
        },
        "learning_curve": {
            "train_sizes": [
                1,
                2,
                3,
                4,
                5,
                6,
                7,
                8,
                9
            ],
            "train_scores_mean": [
                null,
                null,
                1.0,
                1.0,
                1.0,
                1.0,
                1.0,
                1.0,
                1.0
            ],
            "train_scores_std": [
                null,
                null,
                0.0,
                0.0,
                0.0,
                0.0,
                0.0,
                0.0,
                0.0
            ],
            "test_scores_mean": [
                null,
                null,
                0.9,
                1.0,
                1.0,
                1.0,
                1.0,
                1.0,
                1.0
            ],
            "test_scores_std": [
                null,
                null,
                0.2,
                0.0,
                0.0,
                0.0,
                0.0,
                0.0,
                0.0
            ]
        },
        "feature_importance": null
    },
    "Decision Tree": {
        "accuracy": 1.0,
        "cv_mean": 1.0,
        "cv_std": 0.0,
        "confusion_matrix": [
            [
                2,
                0
            ],
            [
                0,
                1
            ]
        ],
        "predictions": [
            0,
            0,
            1
        ],
        "probabilities": [
            0.0,
            0.0,
            1.0
        ],
        "true_values": [
            0,
            0,
            1
        ],
        "roc_curve": {
            "fpr": [
                0.0,
                0.0,
                1.0
            ],
            "tpr": [
                0.0,
                1.0,
                1.0
            ],
            "auc": 1.0
        },
        "learning_curve": {
            "train_sizes": [
                1,
                2,
                3,
                4,
                5,
                6,
                7,
                8,
                9
            ],